,0_RfR 0,1_RfR 0,2_RfR 0,3_RfR 0,4_RfR 0,EWS_DaysToThreat,A.1_DikeIncrease 0,A.2_DikeIncrease 0,A.3_DikeIncrease 0,A.4_DikeIncrease 0,A.5_DikeIncrease 0,Expected Annual Damage,Dike Investment Costs,RfR Investment Costs,Evacuation Costs,Expected Number of Deaths
0,0,0,0,0,0,1,3,5,4,3,5,552462.7609631529,173235071.66432458,0.0,5.1096224083281925,3.711239522358588e-05
1,0,0,1,0,0,1,0,0,0,1,0,241369746.7901783,6320800.309666242,30700000.0,677.3881596019401,0.01972816942156589
2,0,0,0,0,0,2,0,0,0,0,0,370104491.15853,0.0,0.0,2697.4444181184244,0.01729755014128713
3,0,0,0,0,0,2,3,4,4,6,6,0.0,174913589.17939574,0.0,0.0,0.0
4,1,0,1,0,0,2,0,0,0,0,0,130765851.9532007,0.0,115300000.0,1862.9845039117936,0.006739932760378095
5,0,0,0,0,0,1,2,0,0,1,0,191680597.32776728,43576003.54676832,0.0,1446.360282510769,0.03055330892561881
6,1,0,1,1,0,0,0,3,3,3,3,0.0,110845665.75344953,236500000.0,0.0,0.0
7,0,0,0,0,0,1,1,1,3,2,2,58103221.74884607,130048365.68446438,0.0,322.76571571882977,0.005566563432012702
8,1,0,0,0,0,2,0,0,0,0,0,201732162.80129772,0.0,84600000.0,2587.669437076657,0.012954609153742497
9,1,0,1,0,0,1,0,0,2,2,1,50252781.847181074,54537112.50449926,115300000.0,423.80738287620136,0.005331163775806369
10,1,0,1,0,0,1,0,0,0,1,1,85795795.62117456,31358014.39583997,115300000.0,673.3667844873734,0.0121253802049087
11,0,0,0,0,0,2,1,0,0,1,0,219529150.66964597,39015701.403828174,0.0,2525.676819863256,0.013675687710801125
12,1,0,0,0,0,0,0,0,0,1,0,191680597.32776728,6320800.309666242,84600000.0,0.0,0.08487030257116336
13,1,0,0,0,0,0,0,0,2,0,1,76741666.06566963,47205032.28497748,84600000.0,0.0,0.021264082601490975
14,0,0,1,0,0,2,0,0,0,0,0,249877571.1079723,0.0,30700000.0,1284.1246921310747,0.00840667547854791
15,0,0,1,0,0,0,0,0,0,0,0,249877571.1079723,0.0,30700000.0,0.0,0.056044503190319395
16,0,0,0,0,0,1,0,0,0,0,0,370104491.15853,0.0,0.0,1624.8135789136861,0.0415141203390891
17,0,0,0,0,0,0,0,0,0,0,0,370104491.15853,0.0,0.0,0.0,0.11531700094191416
18,1,0,0,0,0,0,0,0,0,0,0,201732162.80129772,0.0,84600000.0,0.0,0.08636406102494998
19,0,0,0,0,0,0,1,0,1,0,0,152346154.88795412,52994188.72148262,0.0,0.0,0.04986458475764295
20,1,0,1,1,1,2,0,0,0,0,0,96987643.5723136,0.0,492600000.0,1264.178265210456,0.005849103767122187
21,1,0,1,0,0,0,0,0,0,0,0,130765851.9532007,0.0,115300000.0,0.0,0.04493288506918729
22,0,0,0,0,0,2,2,0,0,1,0,191680597.32776728,43576003.54676832,0.0,2401.1840627620186,0.012730545385674506
23,0,0,0,0,0,1,2,0,0,0,0,201732162.80129772,37255203.23710208,0.0,1558.6902962155862,0.031091061968981988
24,1,0,1,0,0,1,0,0,0,0,0,130765851.9532007,0.0,115300000.0,1122.174195297457,0.016175838624907422
25,1,0,0,0,0,1,0,0,0,0,0,201732162.80129772,0.0,84600000.0,1558.6902962155862,0.031091061968981988
26,0,0,0,0,0,2,0,0,2,0,0,278885625.53545123,22167818.198803753,0.0,1665.0670908927345,0.009703825693980329
27,0,0,0,0,0,1,1,0,2,1,0,110613751.96108109,61183519.60263193,0.0,780.3576216194441,0.011017392329754716
28,0,0,1,0,0,1,1,0,0,2,2,104057261.62914789,67605211.28133896,30700000.0,654.7072451419995,0.013515601275048646
29,1,0,0,1,0,2,0,0,0,0,0,124028711.0681001,0.0,205800000.0,1574.144028580809,0.007633878065931778
30,0,0,1,0,0,1,2,0,0,0,0,130765851.9532007,37255203.23710208,30700000.0,1122.174195297457,0.016175838624907422
31,0,0,0,0,0,1,0,0,2,1,0,271192200.9972921,28488618.508469995,0.0,916.0916469507375,0.022883902513622476
32,1,0,0,1,0,0,0,0,0,0,0,124028711.0681001,0.0,205800000.0,0.0,0.05089252043954516
33,0,0,1,1,0,1,0,0,0,0,0,230653012.2021085,0.0,151900000.0,580.3454758149627,0.018623787729245767
34,0,0,0,0,0,1,1,0,2,0,0,120665317.43461153,54862719.29296569,0.0,892.6876353242614,0.011555145373117895
35,0,0,0,0,0,0,0,0,0,1,0,362411066.62037086,6320800.0,0.0,0.0,0.11419122551988553
36,1,0,1,0,0,0,0,0,0,2,2,76208708.2872692,34910310.0,115300000.0,0.0,0.031242388040957678
37,1,0,0,1,0,1,0,0,0,0,0,124028711.0681001,0.0,205800000.0,948.1902854510283,0.018321307358236262
38,1,0,0,0,0,0,0,1,3,2,2,30254668.406967398,97353464.59030245,84600000.0,0.0,0.009161727365857825
39,1,0,1,1,1,0,0,0,1,0,0,64224891.95482022,20299287.62732069,492600000.0,0.0,0.020821647188370544
40,0,0,1,0,0,1,2,0,0,2,1,83298055.93766005,69624497.54279758,30700000.0,647.5961679807646,0.011976542333492383
41,1,0,0,1,0,1,0,4,4,0,0,42692391.062597595,79761953.14251733,205800000.0,421.3698674817938,0.003844811032836986
42,1,0,1,0,0,0,0,0,2,2,1,50252781.847181074,54537112.50449926,115300000.0,0.0,0.014808788266128806
43,1,0,1,1,0,1,0,0,0,1,0,94970711.38571718,6320800.309666242,236500000.0,737.6962806077019,0.013956267851703983
44,1,0,1,0,0,0,0,1,3,3,3,21647371.047679782,101248088.14211348,115300000.0,0.0,0.006530635627170356
45,1,0,0,0,0,0,0,2,4,2,3,18610674.52837733,106905401.47570601,84600000.0,0.0,0.005417024215095825
46,1,0,1,0,0,1,0,0,2,1,1,52750521.53069558,53525832.59464373,115300000.0,449.57799938281005,0.005480001647222685
47,1,0,1,1,0,2,0,0,0,0,0,99298902.9778355,0.0,236500000.0,1303.3651885306963,0.005914490763961665
48,1,0,1,1,1,0,0,2,2,0,2,19506389.05384749,92564463.83795679,492600000.0,0.0,0.005473095535583671
49,0,0,0,0,0,2,2,0,0,0,0,201732162.80129772,37255203.23710208,0.0,2587.669437076657,0.012954609153742497
50,0,0,1,0,0,0,2,0,0,0,2,90048396.04759923,64833433.20475732,30700000.0,0.0,0.033390486178257225
51,0,0,1,0,0,1,0,0,0,0,0,249877571.1079723,0.0,30700000.0,773.4962851424827,0.020176021148514977
52,1,0,0,1,0,0,0,0,0,1,0,122020159.6100049,6320800.309666242,205800000.0,0.0,0.05059411136878003
53,0,0,0,0,0,0,2,0,2,0,0,92816764.09273285,59423021.43590583,0.0,0.0,0.025796677202261142
54,1,0,1,1,1,1,0,0,0,0,0,96987643.5723136,0.0,492600000.0,761.4814962208864,0.014037849041093247
55,1,0,1,1,1,0,0,1,3,0,1,33420941.72596623,87480368.48929916,492600000.0,0.0,0.008727872424869413
56,0,0,1,0,0,2,2,0,1,0,0,114950365.57282275,57554490.86442277,30700000.0,1684.4458332876825,0.0054200262947996895
57,1,0,1,1,1,2,0,0,0,1,0,93570984.3237003,6320800.309666242,492600000.0,1201.3858519133814,0.005771878892247565
58,1,0,0,0,0,1,0,0,2,0,1,76741666.06566963,47205032.28497748,84600000.0,662.0954929276181,0.0076550697365367504
59,0,0,1,0,0,0,0,0,0,1,1,235532316.72239465,31358014.39583997,30700000.0,0.0,0.05316000276612227
60,1,0,1,1,0,0,0,0,0,0,0,99298902.9778355,0.0,236500000.0,0.0,0.0394299384264111
61,0,0,1,1,0,2,0,0,0,0,0,230653012.2021085,0.0,151900000.0,963.4641688334342,0.0077599115538524045
62,1,0,0,0,0,0,0,0,2,1,0,82765198.61920242,28488618.508469995,84600000.0,0.0,0.024302918748474532
63,0,0,1,0,0,0,2,2,3,3,3,7594986.641612496,143076585.0989493,30700000.0,0.0,0.0023317039420397067
64,1,0,1,0,0,1,0,0,0,2,2,76208708.2872692,34910310.18717702,115300000.0,579.7186667469012,0.01124725969474476
65,0,0,1,0,0,1,2,0,0,2,2,76208708.2872692,72165513.4242791,30700000.0,579.7186667469012,0.01124725969474476
66,1,0,1,1,1,0,0,2,3,0,2,16366315.922978623,94594678.09051442,492600000.0,0.0,0.003689779264429532
67,1,0,0,0,0,0,0,3,4,0,3,25912215.724739622,104597605.14778653,84600000.0,0.0,0.005369543595304632
68,0,0,1,0,0,0,2,1,3,3,3,21647371.047679782,138503291.37921557,30700000.0,0.0,0.006530635627170356
69,0,0,1,0,0,0,2,0,1,0,0,114950365.57282275,57554490.86442277,30700000.0,0.0,0.03613350863199793
70,0,0,0,0,0,1,2,0,2,1,0,82765198.61920242,65743821.745572075,0.0,705.3690432243459,0.00874905074945083
71,1,0,0,1,0,0,0,0,2,1,0,66341617.34819466,28488618.508469995,205800000.0,0.0,0.01956704225540337
72,1,0,1,1,0,1,0,0,2,2,0,51355847.70231383,29499898.418325532,236500000.0,436.2567511803289,0.005406977279788771
73,0,0,1,1,0,1,0,1,0,1,0,217482627.58036748,44565922.26143029,151900000.0,474.73778271292855,0.01724594230288026
74,1,0,1,1,1,0,0,0,2,1,1,42937653.86952644,53525832.59464373,492600000.0,0.0,0.012651297967592645
75,0,0,1,0,0,1,1,0,0,1,2,106555001.3126624,66593931.371483415,30700000.0,680.4778616486083,0.013664439146464962
76,0,0,0,0,0,1,0,1,2,0,0,246123972.6009342,60412940.15056781,0.0,757.2983515144895,0.019716475524844682
77,0,0,0,0,0,1,1,1,3,0,2,73630001.73889941,122716285.4649426,0.0,488.43381762050797,0.006452961495365882
78,0,0,1,0,0,1,2,0,2,2,1,50252781.847181074,91792315.74160133,30700000.0,423.80738287620136,0.005331163775806369
79,1,0,1,0,0,1,0,0,0,2,1,83298055.93766005,32369294.305695508,115300000.0,647.5961679807646,0.011976542333492383
80,1,0,1,1,0,1,0,0,2,2,1,42937653.86952644,54537112.50449926,236500000.0,354.61643017691796,0.0045544672683333525
81,1,0,1,1,0,0,0,0,2,0,0,57011126.21879123,22167818.198803753,236500000.0,0.0,0.015896333988458022
82,1,0,1,1,0,0,0,1,3,0,1,36167291.013360344,87480368.48929916,236500000.0,0.0,0.009210401661409833
83,1,0,1,0,0,2,0,0,0,1,2,78706447.97078371,33899030.27732149,115300000.0,1005.206817901335,0.004748373985900451
84,0,0,1,0,0,1,1,0,2,2,1,78101335.18905975,87232013.59866118,30700000.0,498.79596127129946,0.007599505356110254
85,1,0,1,0,0,1,0,0,2,1,2,45661173.88030473,56066848.47612524,115300000.0,381.70049814894674,0.004750719008475063
86,1,0,1,1,1,1,0,0,2,1,0,51355847.70231383,28488618.508469995,492600000.0,436.2567511803289,0.005406977279788771
87,0,0,1,0,0,0,2,3,3,2,3,6647067.825968036,146979541.51346534,30700000.0,0.0,0.0014086229122437246
88,1,0,1,1,0,1,0,0,0,0,0,99298902.9778355,0.0,236500000.0,785.0858547384901,0.01419477783350799
89,0,0,0,0,0,1,2,0,2,0,0,92816764.09273285,59423021.43590583,0.0,817.6990569291631,0.00928680379281401
90,1,0,1,1,0,0,0,1,3,0,2,32837859.636258274,90021384.37078068,236500000.0,0.0,0.008258318874956387
91,1,0,0,1,0,1,0,0,2,1,0,66341617.34819466,28488618.508469995,205800000.0,547.738217445921,0.007044135211945213
92,1,0,1,0,0,1,0,0,0,0,2,90048396.04759923,27578229.96765524,115300000.0,729.7479802554612,0.012020575024172598
93,0,0,0,0,0,0,2,0,2,0,1,76741666.06566963,84460235.52207956,0.0,0.0,0.021264082601490975
94,1,0,1,1,0,2,0,0,0,2,0,93643624.4613581,7332080.219521779,236500000.0,1201.5184547551487,0.00578294786560495
95,0,0,1,0,0,1,2,0,1,0,1,81322257.31761213,82591704.9505965,30700000.0,690.0821881251541,0.00958208214553205
96,1,0,0,1,0,1,0,1,3,0,1,38290668.60183842,87480368.48929916,205800000.0,341.3314490447945,0.0036038516840169797
97,0,0,1,0,0,0,2,0,1,0,1,81322257.31761213,82591704.9505965,30700000.0,0.0,0.026616894848700147
98,1,0,1,0,0,0,0,2,3,3,3,7594986.641612496,105821381.86184722,115300000.0,0.0,0.0023317039420397067
99,1,0,1,1,1,1,0,0,2,0,0,54772506.950927146,22167818.198803753,492600000.0,474.07994601339027,0.005592316979487864
100,0,0,1,0,0,1,2,0,2,0,1,64092469.60751109,84460235.52207956,30700000.0,573.8366963847612,0.006104479105234207
101,1,0,1,0,0,0,0,0,2,2,2,43163434.196790226,57078128.38598077,115300000.0,0.0,0.012783003158496523
102,1,0,1,0,0,2,0,0,0,0,2,90048396.04759923,27578229.96765524,115300000.0,1211.4956703459804,0.005008572926738585
103,1,0,1,1,1,0,0,0,0,1,0,93570984.3237003,6320800.309666242,492600000.0,0.0,0.03847919261498377
104,0,0,1,0,0,1,2,0,0,1,2,78706447.97078371,71154233.51442356,30700000.0,605.48928325351,0.011396097566161077
105,0,0,0,0,0,1,2,1,3,0,1,63187544.17967937,124735571.72640125,0.0,579.9787932916911,0.005976775027716176
106,1,0,1,1,1,1,0,0,1,0,0,64224891.95482022,20299287.62732069,492600000.0,538.0033674462376,0.007495792987813395
107,1,0,0,1,0,0,0,3,3,3,3,4903785.762502525,110845665.75344953,205800000.0,0.0,0.00237688407701599
108,1,0,1,1,1,0,0,0,0,0,0,96987643.5723136,0.0,492600000.0,0.0,0.038994025114147915
109,0,0,0,0,0,1,2,0,2,1,1,66690100.59213919,90781035.8317458,0.0,549.7654792228009,0.00711731669317357
110,1,0,1,0,0,0,0,3,3,0,3,20018032.91634622,102392258.05684146,115300000.0,0.0,0.0035341898655486276
111,0,0,0,0,0,0,2,1,3,0,1,63187544.17967937,124735571.72640125,0.0,0.0,0.01660215285476716
112,1,0,1,0,0,0,0,1,3,2,3,23415902.700861618,100126760.6650272,115300000.0,0.0,0.006843882931943362
113,0,0,1,0,0,1,1,0,2,1,2,73509727.2221834,88761749.57028717,30700000.0,456.6890765440449,0.007019060588778948
114,0,0,1,0,0,0,2,0,2,1,2,45661173.88030473,93322051.71322732,30700000.0,0.0,0.013196441690208512
115,1,0,1,1,0,0,0,3,3,1,2,6185584.457663375,105939762.29178298,236500000.0,0.0,0.0010552121646430484
116,1,0,1,0,0,0,0,2,3,1,3,17647498.293997962,103688774.4749054,115300000.0,0.0,0.004056281302690656
117,1,0,1,0,0,2,0,0,0,2,2,76208708.2872692,34910310.18717702,115300000.0,962.4235678415353,0.004686358206143652
118,1,0,1,1,0,0,0,0,2,2,1,42937653.86952644,54537112.50449926,236500000.0,0.0,0.012651297967592645
119,1,0,0,0,0,1,0,1,3,1,2,35438728.985158615,96342184.68044692,84600000.0,301.13710499719286,0.0036080363079156524
120,0,0,0,0,0,1,2,0,2,0,1,76741666.06566963,84460235.52207956,0.0,662.0954929276181,0.0076550697365367504
121,0,0,1,0,0,1,0,2,0,1,2,214769184.89356038,76717445.94881928,30700000.0,448.40000054636437,0.016971444905162527
122,0,0,1,0,0,2,2,0,0,0,2,90048396.04759923,64833433.20475732,30700000.0,1211.4956703459804,0.005008572926738585
123,1,0,1,0,0,0,0,0,0,0,2,90048396.04759923,27578229.96765524,115300000.0,0.0,0.033390486178257225
124,0,0,0,0,0,1,0,1,2,0,1,231759629.00909838,85450154.23674154,0.0,618.0264035995312,0.018261350794309548
125,0,0,0,0,0,0,2,0,2,1,0,82765198.61920242,65743821.745572075,0.0,0.0,0.024302918748474532
126,0,0,0,0,0,1,2,1,3,1,2,35438728.985158615,133597387.91754901,0.0,301.13710499719286,0.0036080363079156524
127,0,0,0,0,0,1,0,0,2,0,0,278885625.53545123,22167818.0,0.0,1002.9580594553883,0.023289181665552782
128,1,1,1,1,0,0,0,3,3,3,3,0.0,110845665.0,454300000.0,0.0,0.0
129,0,0,0,0,0,0,0,0,1,0,0,292869929.90330774,20299287.0,0.0,0.0,0.07251657584042967
130,0,0,0,0,0,0,1,0,0,0,0,229580716.1431764,32694901.0,0.0,0.0,0.09266500985912744
131,0,0,0,0,0,0,2,0,0,1,0,191680597.32776728,43576003.0,0.0,0.0,0.08487030257116336
132,1,0,0,0,0,2,0,0,1,0,0,124497601.54607546,20299287.0,84600000.0,1712.2556178519208,0.006534545388519824
133,0,0,0,0,0,2,1,0,0,0,0,229580716.1431764,32694901.0,0.0,2712.162194177894,0.013899751478869116
134,1,0,0,1,0,0,0,2,3,0,1,30708387.216975756,92053662.0,205800000.0,0.0,0.008533928374443162
135,0,0,1,0,0,2,1,0,1,0,0,142798918.91470143,52994188.0,30700000.0,1808.9385903889197,0.006365168619926309
136,0,0,0,0,0,3,0,0,1,0,0,292869929.90330774,20299287.0,0.0,2263.6050734491,0.008701989100851562
137,1,0,0,1,0,0,0,0,1,0,0,84355880.65574639,20299287.0,205800000.0,0.0,0.028858072684326597
138,0,0,0,0,0,3,0,0,2,0,0,278885625.53545123,22167818.0,0.0,2068.6009976267383,0.007763060555184262
139,0,0,0,0,0,2,1,0,1,0,0,152346154.88795412,52994188.0,0.0,1836.748374953158,0.007479687713646444
140,1,0,1,0,0,0,0,0,1,0,0,114950365.57282275,20299287.0,115300000.0,0.0,0.03613350863199793
141,1,0,0,0,0,0,0,0,1,0,0,124497601.54607546,20299287.0,84600000.0,0.0,0.04356363592346549
142,0,0,1,0,0,2,2,0,0,0,0,130765851.9532007,37255203.0,30700000.0,1862.9845039117936,0.006739932760378095
143,0,0,0,0,0,2,0,0,0,1,0,362411066.62037086,6320800.0,0.0,2553.2326004837505,0.017128683827982834
144,0,0,1,0,0,0,1,0,0,0,0,158614405.29507938,32694901.0,30700000.0,0.0,0.05123383390336475
145,1,0,1,1,0,0,0,0,1,0,0,73100642.677051,20299287.0,236500000.0,0.0,0.024902496200073006
146,0,0,1,0,0,1,2,0,0,0,2,90048396.04759923,64833433.0,30700000.0,729.7479802554612,0.012020575024172598
147,0,0,1,0,0,1,1,0,0,0,2,117896949.38947791,60273131.0,30700000.0,804.7365586505593,0.014288916604476483
148,0,0,0,0,0,1,1,0,0,0,0,229580716.1431764,32694901.0,0.0,1633.6788746106843,0.03335940354928588
149,0,0,0,0,0,1,1,0,0,1,0,219529150.66964597,39015701.0,0.0,1521.348860905867,0.0328216505059227
150,0,0,1,0,0,1,1,0,2,0,2,84851675.29899892,82440949.0,30700000.0,580.9477735459961,0.00764353804679047
151,0,0,1,0,0,1,1,0,0,1,1,113644348.96305324,64052915.0,30700000.0,748.3553628824716,0.014393721785212584
152,1,0,1,0,0,1,0,0,2,0,1,64092469.60751109,47205032.0,115300000.0,573.8366963847612,0.006104479105234207
153,0,0,0,0,0,2,1,0,2,0,0,120665317.43461153,54862719.0,0.0,1482.000957081293,0.004814643905465792
154,1,0,1,0,0,0,0,0,1,0,1,81322257.31761213,45336501.0,115300000.0,0.0,0.026616894848700147
155,0,0,0,0,0,2,2,4,4,2,3,4993230.143916083,154700762.0,0.0,79.6776552890747,0.00013439940391580263
156,0,0,0,0,0,2,0,0,1,0,0,292869929.90330774,20299287.0,0.0,1822.0305988936884,0.010877486376064454
157,0,0,0,0,0,0,1,0,2,0,0,120665317.43461153,54862719.0,0.0,0.0,0.032097626036438606
158,0,0,0,0,0,1,0,0,1,0,0,292869929.90330774,20299287.0,0.0,1097.5054901571393,0.02610596730255468
159,1,0,0,1,0,1,0,0,0,1,0,122020159.6100049,6320800.0,205800000.0,925.7398710116461,0.018213880092760815
160,1,0,1,1,0,0,0,0,0,2,0,93643624.4613581,7332080.0,236500000.0,0.0,0.03855298577069966
161,1,0,1,1,0,1,0,3,2,0,2,14809653.28311532,97588747.0,236500000.0,143.17310685097377,0.001325370872063587
162,1,0,0,1,0,0,0,0,2,0,0,68350168.80628985,22167818.0,205800000.0,0.0,0.019865451326168498
163,1,0,0,0,0,0,0,0,2,0,0,92816764.09273285,22167818.0,84600000.0,0.0,0.025796677202261142
164,1,0,1,0,0,1,0,0,1,0,0,114950365.57282275,20299287.0,115300000.0,1014.6309019332864,0.01300806310751925
165,1,0,1,1,0,1,0,3,3,0,0,42692391.062597595,72040732.0,236500000.0,421.3698674817938,0.003844811032836986
166,1,0,1,1,0,1,0,0,1,0,0,73100642.677051,20299287.0,236500000.0,606.3372042448071,0.008964898632026283
167,1,0,0,1,0,1,0,0,1,0,0,84355880.65574639,20299287.0,205800000.0,677.9410935519302,0.010388906166357577
168,1,0,0,1,0,2,0,0,0,1,0,122020159.6100049,6320800.0,205800000.0,1536.8728327341782,0.007589116705317008
169,1,0,1,0,0,2,0,0,1,0,0,114950365.57282275,20299287.0,115300000.0,1684.4458332876825,0.0054200262947996895
170,0,0,0,0,0,1,1,0,1,0,0,152346154.88795412,52994188.0,0.0,1106.3707858541377,0.01795125051275146
171,0,0,1,0,0,2,2,0,2,1,2,45661173.88030473,93322051.0,30700000.0,633.6824676300873,0.001979466253531277
172,0,0,1,0,0,1,1,0,1,0,0,142798918.91470143,52994188.0,30700000.0,1089.6194803283845,0.015276404687823136
173,1,0,0,0,0,1,0,0,1,0,0,124497601.54607546,20299287.0,84600000.0,1031.3822074590394,0.015682908932447573
174,1,0,1,1,0,0,0,2,3,3,2,7556759.872978613,103048085.0,236500000.0,0.0,0.0023094049936699403
175,1,0,0,0,0,1,0,0,2,1,0,82765198.61920242,28488618.0,84600000.0,705.3690432243459,0.00874905074945083
176,1,0,1,1,1,1,0,0,2,1,1,42937653.86952644,53525832.0,492600000.0,354.61643017691796,0.0045544672683333525
177,1,0,1,1,0,0,0,0,2,1,0,52682934.626672916,28488618.0,236500000.0,0.0,0.015233806261224664
178,1,0,1,1,0,0,0,0,0,1,0,94970711.38571718,6320800.0,236500000.0,0.0,0.03876741069917774
179,1,0,1,1,0,0,0,2,3,0,2,19112665.210372753,94594678.0,236500000.0,0.0,0.004172308500969953
180,1,0,1,0,0,0,0,0,2,0,1,64092469.60751109,47205032.0,115300000.0,0.0,0.016956886403428358
181,1,0,1,1,1,0,0,3,2,0,1,15387475.479594234,95047731.0,492600000.0,0.0,0.004145795922047471
182,1,0,1,1,0,1,0,0,2,1,1,44264740.79388552,53525832.0,236500000.0,368.574535685048,0.004631660242585461
183,1,0,0,0,0,1,0,0,2,0,0,92816764.09273285,22167818.0,84600000.0,817.6990569291631,0.00928680379281401
184,1,0,1,1,0,1,0,0,2,0,1,48592932.38600384,47205032.0,236500000.0,415.9641098158361,0.004870170224389469
185,1,0,0,0,0,0,0,1,3,0,2,45781448.397020735,90021384.0,84600000.0,0.0,0.01162394420850555
186,1,0,1,1,1,1,0,0,2,0,1,46354313.11813975,47205032.0,492600000.0,392.43962500997935,0.004739806968032445
187,1,0,1,1,0,1,0,0,2,0,0,57011126.21879123,22167818.0,236500000.0,497.604430819247,0.005722680235844888
188,1,0,1,0,0,2,0,2,3,0,3,25816648.803154904,97367974.0,115300000.0,417.79823560910813,0.0007970694336570321
189,1,0,1,0,0,1,0,0,1,0,1,81322257.31761213,45336501.0,115300000.0,690.0821881251541,0.00958208214553205
190,0,0,1,0,0,2,0,0,0,1,0,241369746.7901783,6320800.0,30700000.0,1124.5701868391582,0.008220070592319124
191,1,0,1,0,0,1,0,3,3,0,3,20018032.91634622,102392258.0,115300000.0,203.9676435783151,0.0012723083515975059
192,1,0,1,0,0,3,0,0,2,1,1,52750521.53069558,53525832.0,115300000.0,927.2546237270458,0.001826667215740895
193,1,0,1,0,0,1,0,0,0,0,1,97137743.69799007,25037214.0,115300000.0,797.6254814893246,0.01274985766292022
194,0,0,1,0,0,1,2,0,2,1,1,52750521.53069558,90781035.8317458,30700000.0,449.57799938281005,0.005480001647222685
195,1,0,1,1,0,0,0,3,2,2,3,5395709.015806053,107694124.02380562,236500000.0,0.0,0.002185441075428407
196,1,0,0,0,0,0,0,0,2,1,1,66690100.59213919,53525832.59464373,84600000.0,0.0,0.019770324147704365
197,0,0,1,0,0,1,2,0,2,1,2,45661173.88030473,93322051.71322732,30700000.0,381.70049814894674,0.004750719008475063
198,0,0,1,0,0,1,2,0,2,0,2,57003121.95712024,87001251.40356107,30700000.0,505.9591951508979,0.005375196466486585
199,0,0,1,0,0,0,2,0,2,0,2,57003121.95712024,87001251.40356107,30700000.0,0.0,0.014931101295796074
200,0,0,0,0,0,1,0,1,1,0,0,260108276.9687907,58544409.57908474,0.0,851.8457822162408,0.02253326116184658
201,1,0,0,1,0,0,0,3,4,0,2,13364914.171902785,101824309.0730618,205800000.0,0.0,0.002422373303669281
202,1,0,1,1,1,0,0,1,2,0,2,33231583.479733028,87991170.11822304,492600000.0,0.0,0.009559105909570107
203,1,0,1,0,0,0,0,0,2,0,2,57003121.95712024,49746048.166458994,115300000.0,0.0,0.014931101295796074
204,0,0,1,0,0,0,2,3,3,0,3,20018032.91634622,139647461.29394355,30700000.0,0.0,0.0035341898655486276
205,1,0,1,1,1,0,0,3,3,0,2,8952089.12275188,99618961.98211673,492600000.0,0.0,0.0014198449678293392
206,1,0,1,1,1,0,0,0,2,1,0,51355847.70231383,28488618.508469995,492600000.0,0.0,0.015019381332746586
207,1,0,0,1,0,0,0,2,4,0,2,24175763.990256518,96800025.18145949,205800000.0,0.0,0.005734408713662699
208,1,0,1,1,1,1,0,0,0,1,0,93570984.3237003,6320800.309666242,492600000.0,723.658301387825,0.013852509341394153
209,1,0,0,1,0,0,0,1,3,0,1,38290668.60183842,87480368.48929916,205800000.0,0.0,0.010010699122269389
210,1,0,1,1,0,0,0,3,2,0,2,14809653.28311532,97588747.7295591,236500000.0,0.0,0.0036815857557321854
211,0,0,0,0,0,1,2,3,4,0,3,25912215.724739622,141852808.38488862,0.0,252.21794577288765,0.0019330356943096678
212,1,0,0,1,0,0,0,3,4,3,3,1700593.912885356,113051012.8443946,205800000.0,0.0,0.0005294472026889736
213,1,0,0,1,1,0,0,3,4,0,2,10618564.884508653,101824309.0730618,461900000.0,0.0,0.00193984406712886
214,0,0,1,0,0,1,2,0,0,1,1,85795795.62117456,68613217.63294205,30700000.0,673.3667844873734,0.0121253802049087
215,0,0,1,0,0,0,2,0,2,2,2,43163434.196790226,94333331.62308285,30700000.0,0.0,0.012783003158496523
216,1,0,0,1,1,0,0,3,4,0,1,13947996.261610722,99283293.19158028,461900000.0,0.0,0.0028919268535823064
217,0,0,0,0,0,0,2,1,3,2,2,30254668.406967398,134608667.82740456,0.0,0.0,0.009161727365857825
218,1,0,0,1,0,0,0,1,3,1,1,30565070.991925344,93801168.79896541,205800000.0,0.0,0.008829020527284735
219,1,0,0,0,0,1,0,3,4,2,3,12541250.634361433,111929685.36730832,84600000.0,109.81655352182172,0.0011678315911199026
220,0,0,0,0,0,1,1,0,2,1,1,94538653.93401787,86220733.68880565,0.0,624.7540576178991,0.009385658273477456
221,1,0,1,1,1,0,0,3,2,1,2,6605287.977426825,103909548.03922534,492600000.0,0.0,0.0023634385395215605
222,1,0,1,1,0,0,0,2,2,0,1,25587429.611572713,90023447.95647529,236500000.0,0.0,0.006913050942175278
223,0,0,1,0,0,1,2,4,3,5,5,0.0,162557256.8152233,30700000.0,0.0,0.0
224,0,0,0,0,0,0,2,3,4,3,3,7690553.563197215,150306216.08149666,0.0,0.0,0.0023874513129641256
225,1,0,0,0,0,1,0,1,3,0,2,45781448.397020735,90021384.37078068,84600000.0,413.44523922540975,0.004184619915061997
226,1,0,1,1,1,0,0,2,3,0,1,19695747.30008069,92053662.20903291,492600000.0,0.0,0.0046418620508829785
227,1,0,0,1,0,3,0,4,4,3,3,0.0,118566886.0,205800000.0,0.0,0.0
228,0,0,0,0,0,3,2,0,0,1,0,191680597.32776728,43576003.0,0.0,2983.1180826784607,0.010184436308539603
229,0,0,0,0,0,0,0,0,2,0,0,278885625.53545123,22167818.0,0.0,0.0,0.06469217129320218
230,1,0,0,1,0,0,0,3,3,0,2,16568106.021519953,99618961.0,205800000.0,0.0,0.004269810177996297
231,0,0,1,0,0,0,2,0,0,0,0,130765851.9532007,37255203.0,30700000.0,0.0,0.04493288506918729
232,1,0,1,1,0,2,0,0,0,1,0,94970711.38571718,6320800.0,236500000.0,1224.6910908526302,0.005815111604876661
233,0,0,0,0,0,2,0,0,2,1,0,271192200.9972921,28488618.0,0.0,1520.8552732580604,0.009534959380676033
234,0,0,1,0,0,2,1,0,0,0,0,158614405.29507938,32694901.0,30700000.0,1987.4772610130308,0.007685075085504714
235,0,0,1,0,0,0,0,0,0,1,0,241369746.7901783,6320800.0,30700000.0,0.0,0.05480047061546082
236,0,0,1,0,0,1,0,0,0,1,1,235532316.72239465,31358014.0,30700000.0,620.7309294256349,0.019137600995804013
237,0,0,1,0,0,1,0,1,0,0,1,227508207.84064537,63282336.0,30700000.0,586.733628559912,0.01773329228061148
238,0,0,1,0,0,3,2,0,0,0,2,90048396.04759923,64833433.0,30700000.0,1505.1052092768887,0.004006858341390867
239,1,0,0,1,1,0,0,1,3,0,1,34261877.44294273,87480368.0,461900000.0,0.0,0.009352118833280045
240,0,0,1,0,0,2,2,2,3,1,3,17647498.293997962,140943977.0,30700000.0,269.8993367710907,0.0006084421954035984
241,0,0,1,0,0,1,0,1,0,1,1,216376949.26274285,69603136.0,30700000.0,461.6649575208312,0.017142551693952953
242,0,0,0,0,0,0,2,1,3,0,2,45781448.397020735,127276587.0,0.0,0.0,0.01162394420850555
243,1,0,1,1,0,1,0,1,2,0,1,39312624.03745823,85450154.0,236500000.0,350.18609372778195,0.0039596620738182155
244,1,0,1,1,0,3,0,1,3,0,2,32837859.636258274,90021384.0,236500000.0,613.4274421801906,0.0009909982649947665
245,1,0,1,0,0,0,0,0,2,1,2,45661173.88030473,56066848.0,115300000.0,0.0,0.013196441690208512
246,0,0,1,0,0,1,2,0,0,0,1,97137743.69799007,62292417.0,30700000.0,797.6254814893246,0.01274985766292022
247,1,0,1,0,0,1,0,0,2,2,2,43163434.196790226,57078128.0,115300000.0,355.929881642338,0.004601881137058747
248,1,0,1,0,0,2,0,2,3,3,3,7594986.641612496,105821381.0,115300000.0,102.81671167841387,0.0003497555913059561
249,0,0,1,0,0,0,2,0,2,1,1,52750521.53069558,90781035.0,30700000.0,0.0,0.015222226797840795
250,1,0,1,1,0,0,0,0,2,2,0,51355847.70231383,29499898.0,236500000.0,0.0,0.015019381332746586
251,0,0,0,0,0,3,2,0,2,0,0,92816764.09273285,59423021.0,0.0,1686.504304916399,0.003095601264271337
252,1,0,1,1,0,1,0,3,2,3,3,3145333.024097892,108815451.0,236500000.0,20.908166836424353,0.0006439174757106762
253,0,0,1,0,0,1,2,0,1,0,0,114950365.57282275,57554490.0,30700000.0,1014.6309019332864,0.01300806310751925
254,1,0,1,1,0,1,0,1,2,0,2,35983192.660356164,87991170.0,236500000.0,318.3275327419713,0.003616912270694975
255,1,0,0,1,0,2,0,0,1,0,0,84355880.65574639,20299287.0,205800000.0,1125.4881435920715,0.0043287109026489915
256,1,0,1,1,0,2,0,2,2,0,1,25587429.611572713,90023447.0,236500000.0,392.1871812700176,0.0010369576413262918
257,1,0,1,1,0,0,0,2,2,0,2,22257998.234470643,92564463.0,236500000.0,0.0,0.005960968155721832
258,1,0,1,1,0,1,0,1,3,0,1,36167291.013360344,87480368.0,236500000.0,329.2779268913576,0.00331574459810754
259,1,0,1,1,1,3,0,3,2,0,2,12058044.102492165,97588747.0,492600000.0,239.76252417244856,0.00038324557627128297
260,0,0,1,0,0,1,1,0,0,0,1,124986297.03986876,57732115.0,30700000.0,872.6140598844227,0.015018199243224105
261,0,0,1,0,0,1,1,0,0,2,1,111146609.27953874,65064195.0,30700000.0,722.5847463758628,0.014244883913796268
262,1,0,1,1,1,2,0,0,2,0,0,54772506.950927146,22167818.0,492600000.0,787.0467853737925,0.00233013207478661
263,1,0,1,1,0,1,0,2,2,3,2,10702092.897076504,101017871.0,236500000.0,82.6177356238496,0.0014753032734318547
264,1,0,1,1,1,1,0,3,3,0,2,8952089.12275188,99618961.0,492600000.0,95.50539382052136,0.000511144188418562
265,1,0,1,1,1,2,0,3,3,2,3,493905.9256884916,109724338.0,492600000.0,8.028930878464585,1.3031137159956894e-05
266,1,0,1,1,1,3,0,1,2,0,2,33231583.479733028,87991170.0,492600000.0,601.018527572631,0.001147092709148413
267,1,0,1,1,0,1,0,0,2,1,0,52682934.626672916,28488618.0,236500000.0,450.2148566884589,0.00548417025404088
268,1,0,1,0,0,0,0,3,3,2,3,6647067.825968036,109724338.0,115300000.0,0.0,0.0014086229122437246
269,0,0,1,0,0,2,0,0,0,1,1,235532316.72239465,31358014.0,30700000.0,1030.5103320542767,0.007974000414918341
270,1,0,1,1,0,0,0,3,3,0,1,15027869.78724807,97077946.0,236500000.0,0.0,0.0028544569908232065
271,1,0,1,1,0,0,0,3,3,0,0,42692391.062597595,72040732.0,236500000.0,0.0,0.010680030646769405
272,1,0,0,0,0,1,0,0,2,1,1,66690100.59213919,53525832.0,84600000.0,549.7654792228009,0.00711731669317357
273,1,0,0,0,0,1,0,3,4,3,3,7690553.563197215,113051012.0,84600000.0,62.487898416987065,0.0008594824726670853
274,1,0,0,0,0,2,0,1,3,0,2,45781448.397020735,90021384.0,84600000.0,686.3836979328091,0.0017435916312758329
275,1,0,1,1,0,0,0,0,2,1,1,44264740.79388552,53525832.0,236500000.0,0.0,0.012865722896070724
276,1,0,1,1,1,0,0,0,2,0,1,46354313.11813975,47205032.0,492600000.0,0.0,0.013166130466756791
277,1,0,1,1,0,0,0,0,2,0,1,48592932.38600384,47205032.0,236500000.0,0.0,0.01352825062330408
278,1,0,1,1,0,0,0,2,3,2,2,8043164.390845189,101926758.0,236500000.0,0.0,0.0023942019284676867
279,1,0,1,0,0,1,0,2,3,2,3,12445683.712776713,104700054.0,115300000.0,109.26060378642042,0.0011477625375871116
280,1,0,1,1,0,0,0,1,2,0,1,39312624.03745823,85450154.0,236500000.0,0.0,0.010999061316161712
281,1,0,1,1,1,0,0,3,3,0,1,12281520.49985395,97077946.0,492600000.0,0.0,0.0023719277542827858
282,1,0,0,0,0,2,0,0,2,0,1,76741666.06566963,47205032.0,84600000.0,1099.1819706806161,0.003189612390223647
283,1,0,1,1,0,0,0,2,3,0,1,22442096.587474823,92053662.0,236500000.0,0.0,0.005124391287423399
284,1,0,1,0,0,0,0,0,2,1,1,52750521.53069558,53525832.0,115300000.0,0.0,0.015222226797840795
285,1,0,1,1,0,0,0,3,3,0,2,11698438.410146,99618961.0,236500000.0,0.0,0.00190237420436976
286,1,0,0,1,0,0,0,2,3,0,2,27378955.839873686,94594678.09051442,205800000.0,0.0,0.007581845587989715
287,1,0,1,1,0,0,0,3,3,2,3,2284494.1428367402,109724338.0,236500000.0,0.0,0.00040622952406598167
288,1,0,1,0,0,3,0,4,3,5,5,0.0,125302053.0,115300000.0,0.0,0.0
289,1,0,0,0,0,2,0,0,0,1,0,191680597.32776728,6320800.0,84600000.0,2401.1840627620186,0.012730545385674506
290,1,0,0,1,0,0,0,3,3,0,1,19897537.39862202,97077946.0,205800000.0,0.0,0.005221892964449744
291,1,0,1,1,1,2,0,0,1,0,0,64224891.95482022,20299287.0,492600000.0,893.169652986918,0.0031232470782555813
292,0,0,0,0,0,0,0,0,2,1,0,271192200.9972921,28488618.0,0.0,0.0,0.06356639587117355
293,0,0,1,1,0,1,0,1,0,0,0,219223681.0949907,38245121.0,151900000.0,494.3467840718303,0.01733800808122365
294,0,0,0,0,0,0,2,0,0,0,0,201732162.80129772,37255203.0,0.0,0.0,0.08636406102494998
295,1,0,1,1,1,2,0,2,3,0,1,19695747.30008069,92053662.0,492600000.0,312.78689919100947,0.0006962793076324468
296,0,0,0,0,0,1,0,0,0,1,0,362411066.62037086,6320800.0,0.0,1537.9471664090354,0.04110884118715879
297,0,0,1,0,0,1,1,0,0,0,0,158614405.29507938,32694901.0,30700000.0,1197.162773692555,0.018444180205211307
298,1,0,1,0,0,1,0,0,2,0,2,57003121.95712024,49746048.0,115300000.0,505.9591951508979,0.005375196466486585
299,1,0,0,0,0,1,0,0,0,1,0,191680597.32776728,6320800.0,84600000.0,1446.360282510769,0.03055330892561881
300,1,0,0,1,0,1,0,0,2,0,0,68350168.80628985,22167818.0,205800000.0,570.1886318853033,0.0071515624774206605
301,0,0,1,0,0,0,2,0,0,1,2,78706447.97078371,71154233.0,30700000.0,0.0,0.03165582657266967
302,0,0,0,0,0,2,2,0,2,1,0,82765198.61920242,65743821.0,0.0,1171.022825665418,0.0036454378122711805
303,0,0,1,0,0,1,1,0,2,2,2,71011987.5386689,89773029.0,30700000.0,430.91846003743615,0.006870222717362632
304,0,0,1,0,0,1,1,0,2,1,1,80599074.87257425,86220733.0,30700000.0,524.5665777779083,0.00774834322752657
305,1,0,0,1,0,2,0,1,3,0,1,38290668.60183842,87480368.0,205800000.0,566.663538453272,0.0015016048683404086
306,1,0,0,1,0,2,0,0,2,1,0,66341617.34819466,28488618.0,205800000.0,909.3310250567048,0.002935056338310506
307,1,0,1,0,0,1,0,0,0,1,2,78706447.97078371,33899030.0,115300000.0,605.48928325351,0.011396097566161077
308,0,0,1,0,0,1,1,0,2,0,1,91941022.94938977,79899933.0,30700000.0,648.8252747798595,0.008372820685538091
309,1,0,0,1,0,1,0,3,3,3,3,4903785.762502525,110845665.0,205800000.0,34.77676962316925,0.0008556782677257562
310,0,0,1,0,0,2,2,2,3,3,3,7594986.641612496,143076585.0,30700000.0,102.81671167841387,0.0003497555913059561
311,1,0,1,1,0,1,0,0,0,2,0,93643624.4613581,7332080.0,236500000.0,723.7381750995719,0.013879074877451875
312,1,0,0,1,0,2,0,2,4,0,2,24175763.990256518,96800025.0,205800000.0,373.5793517780364,0.000860161307049405
313,0,0,1,0,0,2,1,0,0,0,1,124986297.03986876,57732115.0,30700000.0,1448.6756853549987,0.006257583018010046
314,1,0,1,1,1,1,0,3,2,1,2,6605287.977426825,103909548.0,492600000.0,56.32322981981225,0.0008508378742277617
315,1,0,1,0,0,0,0,1,3,0,3,39096325.342943184,92794680.0,115300000.0,0.0,0.009348646970537368
316,1,0,0,1,0,0,0,2,4,0,1,27505195.367358588,94259009.0,205800000.0,0.0,0.006686491500116146
317,1,0,1,0,0,0,0,0,0,1,2,78706447.97078371,33899030.0,115300000.0,0.0,0.03165582657266967
318,0,0,1,0,0,1,2,3,3,2,3,6647067.825968036,146979541.0,30700000.0,61.566251327249184,0.0005071042484077407
319,0,0,0,0,0,2,2,1,3,2,2,30254668.406967398,134608667.0,0.0,411.3487631351013,0.0013742591048786742
320,1,0,0,0,0,2,0,3,4,0,3,25912215.724739622,104597605.0,84600000.0,418.7211990370205,0.0008054315392956949
321,0,0,0,0,0,2,2,3,4,0,3,25912215.724739622,141852808.0,0.0,418.7211990370205,0.0008054315392956949
322,0,0,0,0,0,2,2,0,2,0,1,76741666.06566963,84460235.0,0.0,1099.1819706806161,0.003189612390223647
323,1,0,1,1,1,2,0,2,2,0,2,19506389.05384749,92564463.0,492600000.0,294.5979320940884,0.0008209643303375507
324,0,0,1,0,0,1,2,2,3,0,3,25816648.803154904,134623177.0,30700000.0,251.66199603748635,0.0019129666407768768
325,1,0,1,1,1,0,0,2,2,0,1,22835820.43094956,90023447.0,492600000.0,0.0,0.006425178322037118
326,1,0,1,1,1,2,0,2,3,0,2,16366315.922978623,94594678.0,492600000.0,259.89671005440977,0.0005534668896644299
327,0,0,1,0,0,0,2,0,2,0,1,64092469.60751109,84460235.0,30700000.0,0.0,0.016956886403428358
328,0,0,1,0,0,2,2,0,2,0,1,64092469.60751109,84460235.0,30700000.0,952.6585779825137,0.002543532960514254
329,1,0,1,1,0,0,0,3,2,0,1,18139084.66021739,95047731.0,236500000.0,0.0,0.004633668542185632
330,1,0,1,1,1,0,0,1,3,0,2,30091510.34886416,90021384.37078068,492600000.0,0.0,0.007775789638415968
331,0,0,1,0,0,0,2,1,3,0,3,39096325.342943184,130049883.6826075,30700000.0,0.0,0.009348646970537368
332,1,0,1,1,0,0,0,2,2,2,2,11188497.41494308,99896544.05747858,236500000.0,0.0,0.004182861583219565
333,1,0,0,1,0,0,0,4,4,0,0,42692391.062597595,79761953.14251733,205800000.0,0.0,0.010680030646769405
334,1,0,1,0,0,0,0,3,3,3,4,1687955.8331805328,113871256.26826663,115300000.0,0.0,0.0005220749895278266
335,1,0,0,1,0,0,0,3,4,0,1,16694345.549004855,99283293.19158028,205800000.0,0.0,0.0033744560901227275
336,0,0,1,0,0,1,2,0,2,2,2,43163434.196790226,94333331.62308285,30700000.0,355.929881642338,0.004601881137058747
337,1,0,0,0,0,0,0,3,4,3,3,7690553.563197215,113051012.8443946,84600000.0,0.0,0.0023874513129641256
338,0,0,1,0,0,0,2,2,3,0,3,25816648.803154904,134623177.40234125,30700000.0,0.0,0.005313796224380213
339,0,0,0,0,0,1,2,1,3,0,2,45781448.397020735,127276587.60788277,0.0,413.44523922540975,0.004184619915061997
340,0,0,0,0,0,1,1,1,3,1,2,63287282.32703728,129037085.77460885,0.0,376.125683392291,0.005876377888219537
341,1,0,1,0,0,0,0,2,3,0,3,25816648.803154904,97367974.16523916,115300000.0,0.0,0.005313796224380213
342,1,0,1,1,1,0,0,0,2,0,0,54772506.950927146,22167818.198803753,492600000.0,0.0,0.015534213831910731
343,1,0,0,1,0,1,0,2,4,2,2,13196429.280522041,104132105.40098126,205800000.0,108.48998564415331,0.0014332576383786664
344,0,0,0,0,0,3,3,4,4,3,5,552462.7609631529,167183542.33379617,0.0,10.538596217176897,1.237079840786196e-05
345,1,0,0,0,0,0,0,4,4,2,3,4993230.143916083,117445559.4044191,84600000.0,0.0,0.0008959960261053508
346,1,0,1,1,0,0,0,1,2,0,2,35983192.660356164,87991170.11822304,236500000.0,0.0,0.010046978529708267
347,0,0,1,0,0,0,2,0,2,2,1,50252781.847181074,91792315.74160133,30700000.0,0.0,0.014808788266128806
348,0,0,1,1,0,1,2,0,2,2,1,42937653.86952644,91792315.74160133,151900000.0,354.61643017691796,0.0045544672683333525
349,1,0,1,1,1,0,0,1,2,0,1,36561014.8568351,85450154.23674154,492600000.0,0.0,0.010511188696023552
350,1,0,0,1,1,0,0,3,4,1,2,5165808.759443312,108145109.38272804,461900000.0,0.0,0.0011095694710563952
351,1,0,0,0,0,0,0,1,3,1,2,35438728.985158615,96342184.68044692,84600000.0,0.0,0.010022323077543478
352,0,0,1,0,0,0,2,0,0,2,2,76208708.2872692,72165513.4242791,30700000.0,0.0,0.031242388040957678
353,1,0,1,0,0,0,0,2,3,2,3,12445683.712776713,104700054.38476095,115300000.0,0.0,0.00318822927107531
354,0,0,0,0,0,0,2,0,2,1,1,66690100.59213919,90781035.8317458,0.0,0.0,0.019770324147704365
355,1,0,0,0,0,0,0,4,4,3,5,552462.7609631529,124892036.67941988,84600000.0,0.0,0.00010308998673218301
356,1,0,1,1,1,1,0,1,2,0,1,36561014.8568351,85450154.23674154,492600000.0,323.26148344526814,0.0037840279305684787
357,0,0,0,0,0,0,2,4,4,2,3,4993230.143916083,154700762.64152116,0.0,0.0,0.0008959960261053508
358,1,0,1,1,1,0,0,3,2,0,2,12058044.102492165,97588747.7295591,492600000.0,0.0,0.003193713135594025
359,0,0,1,0,0,2,2,0,0,1,2,78706447.97078371,71154233.51442356,30700000.0,1005.206817901335,0.004748373985900451
360,0,0,1,0,0,2,2,0,0,2,2,76208708.2872692,72165513.4242791,30700000.0,962.4235678415353,0.004686358206143652
361,0,0,1,0,0,0,2,2,3,1,3,17647498.293997962,140943977.7120075,30700000.0,0.0,0.004056281302690656
362,0,0,1,0,0,1,2,3,3,3,4,1687955.8331805328,151126459.5053687,30700000.0,13.731461727909656,0.00018794699623001757
363,1,0,1,1,1,0,0,3,3,1,2,3499332.9976865384,105939762.29178298,492600000.0,0.0,0.0005895703717568745
364,0,0,0,0,0,0,2,3,4,2,3,12541250.634361433,149184888.60441038,0.0,0.0,0.003243976641999729
365,1,0,0,1,0,1,0,3,4,2,3,3950969.904593517,111929685.36730832,205800000.0,35.79175300330121,0.0003334423044115809
366,0,0,1,0,0,0,2,1,3,2,3,23415902.700861618,137381963.9021293,30700000.0,0.0,0.006843882931943362
367,0,0,0,0,0,0,2,2,4,1,3,26222987.79634715,143149324.80295256,0.0,0.0,0.006692253954012787
368,0,0,1,0,0,0,3,3,3,5,5,1687955.8331805328,162077685.19538674,30700000.0,0.0,0.0005220749895278266
369,0,0,0,0,0,0,2,2,4,2,3,18610674.52837733,144160604.71280807,0.0,0.0,0.005417024215095825
370,1,0,1,1,0,0,0,2,2,3,2,10702092.897076504,101017871.53456484,236500000.0,0.0,0.004098064648421819
371,0,0,0,0,0,2,0,1,1,0,0,260108276.9687907,58544409.57908474,0.0,1414.1970993824307,0.009388858817436079
372,0,0,0,0,0,0,2,1,3,1,2,35438728.985158615,133597387.91754901,0.0,0.0,0.010022323077543478
373,1,0,0,0,0,2,0,4,4,4,6,0.0,129730820.88840638,84600000.0,0.0,0.0
374,0,0,1,0,0,0,2,2,3,2,3,12445683.712776713,141955257.62186304,30700000.0,0.0,0.00318822927107531
375,1,0,1,1,1,0,0,3,2,2,3,3140073.1308688694,107694124.02380562,492600000.0,0.0,0.0017833162711541387
376,0,0,0,0,0,0,2,2,4,3,3,16323798.265360922,145281932.18989435,0.0,0.0,0.005010135026980089
377,1,0,1,1,1,0,0,3,3,2,3,493905.9256884916,109724338.27636325,492600000.0,0.0,8.687424773304595e-05
378,1,0,0,0,0,0,0,2,4,3,3,16323798.265360922,108026728.95279229,84600000.0,0.0,0.005010135026980089
379,1,0,1,1,1,0,0,2,3,2,2,7556759.872978613,101926758.3100362,492600000.0,0.0,0.0023094049936699403
